"Player","Handle","Followers"
"Artemi Panarin","72Artemi",8834
"Mark Giordano","MarkGio05",5626
"Niklas Hjalmarsson","hammarenfyra",29121
"Justin Williams","JustinWilliams",18921
"Joe Pavelski","jpav8",27449
"Nick Foligno","NickFoligno",12047
"Jordan Nolan","Jordan_Nolan71",4243
"Jonathan Toews","JonathanToews",196362
"Dale Weise","daleweise22",33721
"Ryan Carter","CartersStache",1818
"Dmitry Kulikov","kulioo7",5402
"Scott Wedgewood","wedgewall",4051
"Matt Stajan","MattStajan18",9883
"Brad Boyes","bboyes28",2511
"Matt Dumba","matt_dumba",12059
"Marco Scandella","MarcoScandella",8102
"Pierre-E Bellemare","bellsy78",9426
"Bryan Rust","rustyyy_92",17383
"Adam Henrique","AdamHenrique",18347
"Petr Mrazek","pmrazek34",17609
"Stephen Gionta","steviegio11",7105
"Kyle Clifford","13KCliffy",8826
"Tuukka Rask","tuukkarask",22516
"Jakub Vrana","JVranaa",2403
"Johnny Boychuk","joboych",15036
"Pascal Dupuis","Duper0009",51121
"Brandon Gormley","bgormley33",1807
"Steve Downie","stevedownie23",13288
"Brett Sutter","sutter_brett",6320
"Danny Briere","DannyBriere48",13596
"Kime4kids","kime4kids",5963
"Ryan Reaves","rreaves75",30345
"Oscar Klefbom","Klefbom93",13125
"Antti Raanta","ARaanta31",28460
"Jeff Carter","JeffCarter_77",26742
"Nathan Gerbe","NathanGerbe14",7785
"Patrick Kaleta","patrick_kaleta",13189
"Tyler Seguin","tseguinofficial",130347
"Shane Prince","ShanePrince18",8446
"Zach Bogosian","BogosianZach",30516
"xavier ouellet","The_XMan16",6644
"Bobby Farnham","bobbyfarnham24",6821
"Matt Carkner","CarknerMatt",5822
"Rasmus Ristolainen","rasmrist55",11220
"Beau Bennett","BeauBennett19",46460
"Riley Sheahan","rsheahan15",16172
"Marc-Édouard Vlasic","Vlasic44",21344
"michael raffl","michaelRaffl",12319
"Nick Spaling","Spals88",13142
"Brandon Saad","BSaad20",89944
"Chris Phillips","CPhillipsFour",29224
"Marek Mazanec","mazanec222",4445
"Patrick Wiercioch","PattyW28",13478
"Ryan Miller","RyanMiller3039",168266
"Kristopher Letang","Letang_58",128714
"Mike Weaver","mikeweaver_43",43607
"Marko Dano","Marko_Dano",14032
"Calvin de Haan","cal_dehaan",14966
"Jori Lehtera","Lempaalanpoika",45702
"Rich Clune","richclune",19606
"Thomas Hickey","thomas_hickey14",14070
"Jack Skille","JackSkille",7312
"Ryan Suter","rsuter20",26929
"Milan Lucic","27MilanLucic",85526
"chris porter","32porterhouse",19389
"Jarret Stoll","jarretstoll",36933
"Daniel Alfredsson","DAlfredsson11",62163
"Erik Karlsson","ErikKarlsson65",215459
"Alex Pietrangelo","apetro_27",89477
"Adam Burish","ABurish37",26535
"Nic Kerdiles","NicKerdiles",3823
"Raphael Diaz","diaz_raphael_61",27871
"Brandon Manning","mandog1990",5980
"Martin Brodeur","MartinBrodeur",62657
"Sebastian Aho","SebastianAho",6564
"jason demers","jasondemers5",31654
"marcus johansson","mjohansson90",20306
"Scott Wilson","smiltztwo3",9106
"John Albert","adelbertjohn",3337
"Auston Matthews","AM34",99195
"Alex Burrows","aburr14",80674
"Brooks Laich","brookslaich",65507
"Martin Frk","Frky91",5332
"Vladimir Tarasenko","tara9191",304185
"Brad Marchand","Bmarch63",81813
"Torey Krug","ToreyKrug",74130
"davidpastrnak","pastrnak96",34022
"Mike Hoffman","MHoffy68",25232
"Travis Moen","32trapper",39791
"drew doughty","dewyy8",115337
"Zenon Konopka","ZenonKonopka",29840
"Arron Asham","TheRealAsham45",20752
"Conor Sheary","csheary13",19780
"Troy Brouwer","TroyBrouwer36",49986
"mark scheifele","markscheifele55",55660
"Damien Brunner","damien_brunner",29466
"Matt Hendricks","MattHendy26",36326
"Sam Gagner","89SGagner",99811
"Shayne Gostisbehere","s_ghost14",35439
"Michael Kostka","Kostka85",26094
"Brendan Gallagher","BGALLY17",235257
"Willie Mitchell","Willie_Mitch33",36413
"Tom Kühnhackl","Tkuhn14",12545
"Paul Carey","PaulCarey28",2241
"Ryan Malone","Bugsy12Malone",22387
"Dustin Tokarski","dustintokarski",49272
"zack kassian","zkassian9",59204
"Erik Johnson","6ErikJohnson",85048
"Kasperi Kapanen","kasperikapanen1",21716
"Lars Eller","Eller_89",123168
"Paul Stastny","PaulyWalnuts26",70306
"gemel smith","gemel_smith",1642
"Jakub Kindl","JKindl4",18416
"Michael Stone","StoneM26",2692
"Rasmus Asplund","raasmusaasplunf",4091
"josh gorges","jgorges26",94351
"Justin Abdelkader","justinabss",74367
"Kevin Labanc","Str8ToTheBanc",2842
"Thomas Vanek","T_Vanek26",64580
"Scott Laughton","Laughts21",25235
"Adam Pardy","PardyAdam",6392
"Riley Nash","rileynash20",7310
"Chris Butler","TheButler44",11678
"Anthony Stolarz","StolieTheGoalie",12986
"John Tavares","91Tavares",143040
"Ondrej Palat","Opalat18",19058
"Dylan Larkin","Dylanlarkin39",44287
"Reilly Smith","reillysmith18",33064
"Al Stalock","Stalock32",7012
"Brian Campbell","bcampbell_51",26638
"Nikita Zadorov","zadorov61",10404
"Quinton Howden","qhowden21",5348
"Elias Lindholm","lindholmelias",13175
"Taylor Fedun","tfedun88",10670
"Nail Yakupov","Nail10_1993",103395
"Brian Boyle","BriBrows22",81649
"robert bortuzzo","rbontuzzo21",32826
"Brayden Schenn","Bschenn_10",108415
"Anthony Duclair","aduclair10",26158
"Carey Price","CP0031",351232
"Andrew Ference","Ferknuckle",125873
"Erik Gudbranson","Guddy44",18686
"Ben Smith","BenASmith12",55175
"Sebastian Collberg","collberg49",10278
"Dustin Penner","Dustinpenner25",98245
"Colton Gillies","ColtonGillies",9471
"Adam Cracknell","ACracknell24",20902
"Dmitrij Jaskin","DmitrijJaskin",38215
"Nick Leddy","ledpipe08",101754
"Leo Komarov","LKomarov",82333
"Casey Cizikas","zeeker11",23945
"Bryan Bickell","bbicks29",184541
"Mats Zuccarello","zuccarello36",128855
"Charlie Coyle","CharlieCoyle_3",37192
"Cam Talbot","ctalbot33",57768
"Antoine Roussel","Rous_ant",28160
"Teddy Purcell","teddypurcell16",40695
"Andrew Desjardins","AndrewDesjardin",17858
"Patrick Sharp","10PSharp",330935
"Wayne Simmonds","Simmonds17",223605
"Zac Rinaldo","RinaldoZac",71199
"Gabriel Landeskog","GabeLandeskog92",164763
"Richard Bachman","Bacher31",10457
"Eddie Lack","eddielack",140475
"Stu Bickel","StuBickel",28448
"Jordan Schroeder","J_Schroeder90",19770
"Colton Sceviour","Sceviour7",9445
"Marc Methot","MarcMethot3",59687
"Anthony Peluso","AnthonyPeluso23",15603
"Hampus Lindholm","HampeLindholm",18007
"Matt Read","MReader24",79143
"Gui Latendresse","thetender1987",23970
"Nicklas Backstrom","backstrom19",100657
"Claude Giroux","28CGiroux",678097
"Derek Joslin","Djos27",5458
"Evgeny Kuznetsov","Kuzya92",77184
"Jamie Benn","jamiebenn14",115403
"Dylan McIlrath","dylan_mcilrath",18411
"Jhonas Enroth","JEnroth125",48554
"Jaromir Jagr","68Jagr",303837
"Matt Puempel","mpuempel",8343
"Tom Wilson","tom_wilso",52381
"Oskar Sundqvist","sundqvist32",9597
"Jakob Silfverberg","jsilfverberg33",23620
"Jonathan Drouin","jodrouin27",59596
"Antoine Bibeau","BibeauAntoine01",4942
"Brenden Morrow","Minimo1zero",51961
"Henrik Lundqvist","HLundqvist30",670579
"Luke Gazdic","lukegazdic",16718
"Wojtek Wolski","WojtekWolski86",23479
"Mackenzie Skapski","Skaps29",10027
"Tobi Rieder","TobiRieder9",4996
"Keith Aulie","kaulie59",15877
"Brandon Bollig","Bollig87",106099
"brandon pirri","pirri91",27645
"Nick Bjugstad","NBjugstad72",13844
"Matt Martin","mattymarts17",52378
"Joel Ward","JRandalWard42",57499
"Brandon Montour","brandon_montour",3318
"Nick Bonino","NickBonino",53405
"Steve Ott","otterN9NE",114357
"A.J. Greer","ajgreer_10",2455
"Eric Gryba","grybes02",29975
"Robin Lehner","RobinLehner",23433
"Braden Holtby","Holts170",60672
"William Karlsson","WKarlsson71",14579
"Ryan Bourque","RyanBourque91",10220
"P-A Parenteau","PAParenteau",55197
"Steven Oleksy","StevenOleksy",22740
"Brandon Dubinsky","BDubi17",81575
"Scott Hartnell","Hartsy43",322333
"Phil Kessel","PKessel81",308523
"Jordan Eberle","ebs_14",282493
"Jason Zucker","Jason_Zucker16",37782
"Jakub Voracek","jachobe",89885
"Pat Maroon","patmaroon",25566
"Erik Condra","ECondra",33964
"Mattias Ekholm","MatEkh14",6718
"Keaton Ellerby","ellerby88",14355
"Tomas Tatar","Trto90",110294
"Dave Bolland","DaveBolland",91161
"Craig Anderson","CraigAnderson41",65814
"Jason Akeson","JasonAkeson",11091
"Cory Emmerton","cemmer48",24288
"Adam Lowry","ALowsyPlayer17",14071
"Tim Bozon","timbozon94",21449
"trevor lewis","trevorlewis22",28117
"Brayden Mcnabb","nabber03",19457
"anthonymantha","antomantha8",13587
"Jt brownov","JTBrown23",15694
"Tim Stapleton","Bluce_Reee",14793
"Viktor Stalberg","VStalberg",82995
"Ryan Nugent-Hopkins","RNH_93",218207
"Jake Allen","34jallen",52823
"Anton Lander","Landie51",21338
"J.T. Wyman","WyTJayman",2742
"Tye McGinn","TyeMcGinn",17258
"Евгений Малкин","malkin71_",1517956
"Christian Folin","ChristianFolin",6339
"Cedric Paquette","Paquette18",8641
"Kevin Bieksa","kbieksa3",214788
"Tomáš Hertl","TomasHertl48",74980
"Pavel Datsyuk","Datsyuk13",277859
"Kevin Porter","kporter12",16090
"Daniel Carcillo","CarBombBoom13",73360
"jesse winchester","jwinch18",11855
"John Mitchell","mitchabov",19717
"Kevin Westgarth","KWesty19",21591
"Gustav Nyquist","GNyquist",49793
"Ryan Pulock","rpulock",9817
"Nazem Kadri","43_Kadri",204767
"Jean-Gabriel Pageau","JGPageau",35167
"Michael Hutchinson","mhutch34",12436
"Colin McDonald","ColinMcDonald13",13267
"Connor Carrick","connorcarrick",19364
"Tanner Glass","TGlass15",54248
"Alec Martinez","amartinez_27",37817
"John Gibson","JohnGibson35",18216
"Jason Garrison","J_G_5",41110
"Nick Sorensen","NickSorensen94",4019
"Ryan Johansen","RyanJohansen19",47661
"Cody Ceci","Cecer_83",29824
"marc savard","MSavvy91",51212
"Patrick Dwyer","pattydwyer39",13768
"Alex galchenyuk","AGally94",211209
"Karri Ramo","RamoKarri",8339
"Patrick Brown","PattyBrown36",1898
"Harry Zolnierczyk","HarryZ87",24356
"VT3","trocheck_89",5822
"Kevin Shattenkirk","shattdeuces",124245
"TJ Galiardi","TJGaliardi",41856
"Justin Faulk","JustinFaulk27",30159
"Jamie Oleksiak","jamieoleksiak",12687
"Dave Moss","djmoss25",13031
"Sean Monahan","Monahan20",37567
"Dalton Thrower","thrower47",8226
"Jacob Markstrom","j_markstrom",33784
"Mark Stone","MStoner61",33410
"Andrew Ladd","aladd16",105349
"Eric Nystrom","enystrom23",38931
"Mikael Backlund","mbacklund11",35109
"Matthew Calvert","mattcalvert11",20832
"Carter Ashton","c_ash15",11675
"Luke Adam","LukeJAdam",26169
"RealPatrickEaves","Patrick_Eaves",5422
"Stefan Elliott","stefelliott6",4627
"Strombone","strombone1",711831
"Victor Rask","VictorRask",6541
"Robert Mikkelson","Bmikk29",3276
"Jamie McBain","jbain4",18159
"morgan rielly","mriles4",92126
"David Booth","D_Booth7",62280
"Brody Sutter","Sutts19",4907
"Brent Burns","Burnzie88",179313
"Patrick Kane","88PKane",827838
"David Backes","dbackes42",129989
"Mika Zibanejad","MikaZibanejad",54701
"Dominic Moore","mooredom",54287
"Victor Hedman","heds77",53641
"Andreas Athanasiou","AndreasA86",12201
"Andrej Sustr","AndrejSustr",13283
"Jerry D'Amigo","JerryD91",16325
"Derek Stepan","DerekStepan21",119528
"Ryan McDonagh","RMcDonagh27",132651
"Victor Bartley","VicBartley8",8096
"bryzgoalie30","bryzgoalie30",159037
"Duncan Keith","DuncanKeith",138120
"Ben Hanowski","BenHano10",4501
"Jonathan Quick","JonathanQuick32",266588
"Johnny Gaudreau","johngaudreau03",57959
"Theo Peckham","PECKS24",20959
"Ryan Shannon","ryanshannon22",14001
"Jonas Brodin","brodin25",15385
"George Parros","GeorgeParros",130358
"Adam Larsson","AdamLarsson3",16469
"Justin Falk","JuicerFalk",12678
"Kyle Okposo","bookerT2116",62769
"Connor Murphy","Cmurphy5",5037
"Brendan Morrison","7bmo",22402
"Magnus Pääjärvi","mps_91",43872
"Alex Goligoski","gollygoose33",34254
"P.K. Subban","PKSubban1",924129
"Nate Schmidt","nateschmidt29",15043
"Stephen Johns","stjohns28",7696
"Vlad Namestnikov","Vladdy18",13333
"Brady Vail","BradyVail",5298
"John-Michael Liles","hoosierjm26",66809
"Brandon Prust","BrandonPrust8",287768
"Joakim Nordström","Jo92No",12954
"Kerby Rychel","Krychs",9609
"Christian Ehrhoff","TheRealHoff10",33506
"Shane O'Brien","ShaneOBrien55",48162
"TJ Oshie","TJOshie77",375700
"Jack Eichel","Jack_Eichel11",108181
"Alex Grant","agrant20",3355
"Matt Tennyson","Tenner_7",7941
"Jamie McGinn","JamieMcGinn88",49338
"Brandon Segal","brandon_segal",4497
"Ryan O'Byrne","ryanobyrne84",19772
"Mike Fisher","mikefisher1212",173979
"Daniel Winnik","Danwinnik34",32908
"Chris Summers","chri5ummers",4732
"Jamal Mayers","jamalmayers",52902
"Carl Gunnarsson","carl_gun",61516
"Andrew Shaw","shawz15er",454515
"Mark Fistric","Fistric45",17850
"Brian Elliott","KidElls1",103696
"Joel Edmundson","JEdmundson3",10821
"James Neal","jneal_18",180998
"Frank Corrado","frankcorrado22",21100
"Blake Wheeler","BiggieFunke",75089
"Tyler Toffoli","tytoff16",36897
"Carl Hagelin","CarlHagelin",139494
"DJ KING","DJKING_17",8933
"Yannick Weber","yanweber68",58233
"chris stewart","Cstew_7",55975
"Devante Smith-Pelly","smithpelly23",48948
"James Wisniewski","jameswisniewski",36171
"Charles Hudon","KidHud_10",19362
"Cory Conacher","conhockey19",32447
"Jordan Binnington","binnnasty",8455
"JF Berube","JRouby",5455
"Aaron Ekblad","Ekblad5FLA",29532
"Darcy Kuemper","dkuemps35",22844
"Hunter Shinkaruk","H_S_9",29179
"Zac Dalpe","ZacDalpe22",18717
"Vincent Lecavalier","VLecavalier4",89043
"Eric Tangradi","ETangradi",37292
"Stanislav Galiev","Galixon_97",10934
"Taylor Hall","hallsy09",437878
"Sheldon Souray","SSouray",40516
"Damon Severson","dseves7",6527
"Steven Stamkos","RealStamkos91",508066
"Nathan Mackinnon","Mackinnon9",138353
"Taylor Beck","taybeckone9",5934
"Danny DeKeyser","DeKeyser5",52783
"Aaron Dell","ADell32",4423
"Toby Petersen","TeeP17",3282
"Brenden Dillon","BDillon04",20843
"Brad Richards","BRichards_1991",230286
"Nathan Thompson","NateThompson44",17854
"Dougie Hamilton","dhamilton27",24714
"Calvin Pickard","cpickard1",10399
"Brett Connolly","bconnolly8",25281
"Jon Gillies","JGillies32",7121
"Brian Gionta","Giostyle21",133584
"David Jones","djones5454",17778
"Anthony Bitetto","ABitetto7",5620
"Krys Barch","krysbarch",12854
"Ben Scrivens","ben_scrivens",82020
"Jayson Megna","Jayson_Megna",20374
"Marc-Andre Bergeron","bergeron47",17957
"Simon Despres","Despres747",41942
"Matt Lashoff","MattLashoff",13847
"Liam O'Brien","ob61",6995
"Kevin Hayes","KevinPHayes12",44063
"Darren Archibald","arch2five",5929
"Justin Schultz","6Schultz6",67517
"Matt Carle","mattcarle25",56750
"Michael Latta","Latta17",31431
"Jake Gardiner","Jgardiner272",133436
"Steven Kampfer","SteveKampfer47",20050
"RJ Umberger","Umby18",39933
"Derek Dorsett","Twigy15",32511
"Tom Sestito","TomSestito23",40071
"Oliver Ekman-Larsson","OEL_23",23566
"Jimmy Hayes","Jimmy10Hayes",44567
"Mattias Ritola","ritto21",6553
"Logan Shaw","loganshaw11",3341
"Matt Duchene","Matt9Duchene",320192
"Mike Condon","Condibear1",18403
"Anthony Stewart","StuMunrue",23747
"Jon Marchessault","JMarchessault18",3993
"Michael Del Zotto","MichaelDelZotto",110913
"Alexander Steen","Steener20",115380
"Darryl Boyce","dboyce47",17792
"Michael Richards","MRichie_10",167033
"Andy Miele","Andy_Miele",7993
"Barclay Goodrow","bgoodrow23",7874
"Michal Neuvirth","mneuvirth30",23605
"john erskine","johnerskine04",40622
"Matt Beleskey","Matt_Beleskey",36095
"Andrew Gordon","AndrewGordon10",14280
"John Carlson","JohnCarlson74",92833
"Frazer Mclaren","Frazermclaren68",36051
"Logan Couture","Logancouture",333854
"Michael Grabner","grabs40",112593
"Jim Vandermeer","Jim_Vandermeer",17025
"Matt Moulson","MMoulson",75510
"Curtis McKenzie","muckbro16",6181
"Patrick Cannone","Pistolpat20",2116
"Cam Atkinson","CamAtkinson13",32818
"Kyle Turris","kyleturris",80003
"Vinny Lecavalier Fdn","Lecavalier_Fdn",4613
"Carlo Colaiacovo","CarloColaiacovo",8466
"Ben Bishop","Benbishop30",59138
"Connor Brown","Breeze2Greeze",16984
"Morgan Ellis","MorganEllis4",13086
"Rob Schremp","RobSchremp",19603
"Evander Kane","evanderkane_9",197151
"Mikkel boedker","Mikkelboedker",12777
"Ian Cole","ICole28",45016
"Ryan Kesler","Ryan_Kesler",318154
"Mark Arcobello","sporkabella",13795
"Tyler Bozak","Bozie42",204761
"Chris Kreider","ChrisKreider",86246
"Riley Sheahan","rsheahan4",7497
"Jeff Petry","PetryJ",42627
"Emerson Etem","tweetem_up",22376
"Zemgus Girgensons","zemgus94",72478
"Jordin Tootoo","Jtootoo22",183606
"Cam Janssen","CamJanssen25",24398
"Marian Gaborik","MGaborik12",214053
"Steve Sullivan","Sullivan26",43235
"Zach Boychuk","ZachBoychuk",549675
"Max Talbot","Max25talbot",209034
"Scottie Upshall","ScottieUpshall",68722
"David Perron","DP_57",126482
"Jordan Caron","Jord38caron",16717
"Mike Knuble","MikeKnuble22",21384
"Frank Vatrano","Frank_Vatrano",8269
"Anze Kopitar","AnzeKopitar",193737
"Blake Geoffrion","BlakeGeoffrion",36125
"Mike Green","GreenLife52",102178
"Joffrey Lupul","JLupul",306844
"Troy Grosenick","TGrose1",3604
"James van Riemsdyk","JVReemer21",254626
"ben lovejoy","RevLovejoy6",39255
"Eric Fehr","EricFehr",88767
"Matt Kassian","kassassination",30765
"Tyler Johnson","tjohnny09",35299
"Frederik Andersen","f_andersen30",23914
"Brad Winchester","bradwinchester",9355
"Keith Kinkaid","Blockaid1",8547
"Brendan Smith","bssmith7",48301
"Jaycob Megna","JaycobMegna",1155
"Mike Komisarek","mkomisarek",46516
"Sami Lepistö","SamiLepisto",49955
"Martin Havlat","martinhavlat",35811
"Dalton Prout","prouter5",6989
"Tanner Pearson","tannerjpearson",23776
"Bryce Salvador","BryceSalvador",6410
"Carter Hutton","CarterHutton",18503
"Roman Josi","rjosi90",26768
"dustin brown","DustinBrown23",204444
"Alex Ovechkin","ovi8",2444317
"Patrik Elias","pelias",26994
"Brendan Witt","BWitt32",3320
